"Enchanted Forest", "A mystical forest filled with ancient, towering trees. Shafts of golden sunlight break through the leaves, casting a warm, otherworldly glow."
"Dragon's Lair", "A vast, cavernous chamber where a mighty dragon slumbers. The air is thick with the scent of molten gold and precious gems."
"Crystal Cavern", "A glistening cavern adorned with countless crystal formations that refract light into a dazzling rainbow of colors."
"Witches' Den", "A dimly lit room where sinister witches brew potions in bubbling cauldrons, surrounded by shelves of eerie ingredients."
"Elven Library", "A serene library, guarded by wise elves, containing countless tomes of ancient knowledge and wisdom."
"Mermaid Grotto", "An underwater grotto where mermaids sing enchanting melodies, their tails glinting like silver in the clear, blue waters."
"Dwarven Forge", "A roaring forge deep within a mountain, where skilled dwarves craft legendary weapons and armor."
"Goblin Market", "A chaotic market filled with goblins peddling strange and exotic wares, from magical trinkets to curious potions."
"Haunted Manor", "An eerie, abandoned manor rumored to be haunted. Ghostly whispers echo through the decrepit halls."
"Temple of the Ancients", "A grand temple where ancient deities are worshipped, adorned with intricate carvings and flickering candles."
